{"cameraMode":{"drawMode":0,"name":"Shaded","section":"Shading Mode"},"sceneLighting":true,"audioPlay":false,"sceneViewState":{"m_AlwaysRefresh":false,"showFog":true,"showSkybox":true,"showFlares":true,"showImageEffects":true,"showParticleSystems":true,"showVisualEffectGraphs":true,"m_FxEnabled":true},"in2DMode":false,"pivot":{"x":-17.250999450683595,"y":-17.125537872314454,"z":60.916446685791019},"rotation":{"x":-0.26843568682670596,"y":0.016470547765493394,"z":-0.004588756710290909,"w":-0.9631443619728088},"size":47.76776885986328,"orthographic":false}